Swift™ FX,https://www.resmed.com/ja-jp/consumer/products/masks/swift-fx.html
Swift™ FX for Her,https://www.resmed.com/ja-jp/consumer/products/masks/swift-fx-for-her.html
Swift™ FX Nano,https://www.resmed.com/ja-jp/consumer/products/masks/swift-fx-nano.html
Swift™ FX Nano for Her,https://www.resmed.com/ja-jp/consumer/products/masks/swift-fx-nano-for-her.html
AirFit™ N10,https://www.resmed.com/ja-jp/consumer/products/masks/airfit-n10.html
Mirage™ FX,https://www.resmed.com/ja-jp/consumer/products/masks/mirage-fx.html
Mirage Micro™,https://www.resmed.com/ja-jp/consumer/products/masks/mirage-micro.html
Mirage™ Activa,https://www.resmed.com/ja-jp/consumer/products/masks/mirage-activa.html
Ultra Mirage™ II,https://www.resmed.com/ja-jp/consumer/products/masks/ultra-mirage-ii.html
Quattro Air™ (レスメドQuattroAir),https://www.resmed.com/ja-jp/consumer/products/masks/quattro-air.html
Mirage Quattro™,https://www.resmed.com/ja-jp/consumer/products/masks/mirage-quattro.html
Mirage Liberty™,https://www.resmed.com/ja-jp/consumer/products/masks/mirage-liberty.html
Ultra Mirage™,https://www.resmed.com/ja-jp/consumer/products/masks/ultra-mirage.html
レスメドAirCurve™ 10 CS-A TJ,https://www.resmed.com/ja-jp/consumer/products/devices/aircurve10-csa-tj.html
レスメドAirCurve™ 10 CS-A,https://www.resmed.com/ja-jp/consumer/products/devices/aircurve10-csa.html
AstralTM 150 (CleanAir Astral),https://www.resmed.com/ja-jp/consumer/products/devices/astral-150.html
リモートアラーム付きStellar™ 100 (CleanAir Velia),https://www.resmed.com/ja-jp/consumer/products/devices/stellar-100.html
リモートアラーム付きStellar™ 150 (NIP-Nasal V),https://www.resmed.com/ja-jp/consumer/products/devices/stellar-150.html
H5i™ 加温加湿器,https://www.resmed.com/ja-jp/consumer/products/humidifiers/h5i.html
H4i™ 加湿器,https://www.resmed.com/ja-jp/consumer/products/humidifiers/h4i.html
Gecko™鼻パッド,https://www.resmed.com/ja-jp/consumer/products/accessories/gecko-nasal-pad.html
S9 SlimLine™チューブ,https://www.resmed.com/ja-jp/consumer/products/accessories/slimline.html
ClimateLine™シリーズ,https://www.resmed.com/ja-jp/consumer/products/accessories/climateline-climatelinemax-and-climatelinemax-oxy.html
ResMed Power Station II (RPS II),https://www.resmed.com/ja-jp/consumer/products/accessories/resmed-power-station-ii-rps-ii.html
Astral™移動用バッグ,https://www.resmed.com/ja-jp/consumer/products/accessories/astral-bag.html
Astral™病院トロリー,https://www.resmed.com/ja-jp/consumer/products/accessories/astral-hospital-trolley.html
SlimLine™チューブ,https://www.resmed.com/ja-jp/consumer/products/accessories/slimline.html
ClimateLine™シリーズ,https://www.resmed.com/ja-jp/consumer/products/accessories/climateline-climatelinemax-and-climatelinemax-oxy.html
リモートアラームII,https://www.resmed.com/ja-jp/consumer/products/accessories/remote-alarm-ii-and-hospital-alarm-system-cable.html
