メラ人工心肺装置HASⅢ,https://www.mera.co.jp/medical/product-info/498/
メラ冷温水槽HHC-60,https://www.mera.co.jp/medical/product-info/499/
メラ冷温水槽HHC-300,https://www.mera.co.jp/medical/product-info/1264/
体外循環用システムTRUSYS,https://www.mera.co.jp/medical/product-info/500/
VAVDコントローラ　MODEL3930,https://www.mera.co.jp/medical/product-info/501/
メラプレッシャーモニタＨＰＭ－２,https://www.mera.co.jp/medical/product-info/1270/
メラFHPエクセラン 　HPO-21FHP-PR/HPO-21FHP-P,https://www.mera.co.jp/medical/product-info/503/
メラNHPエクセランNSH-R HPO-23WRHF-C/HPO-23WH-C/HVR-4NWF,https://www.mera.co.jp/medical/product-info/504/
メラNHPエクセランTPC　HPO-23RHF-CP/HPO-23H-CP/HVR-4NFP,https://www.mera.co.jp/medical/product-info/505/
メラリザーバ 　HCR-2F,https://www.mera.co.jp/medical/product-info/506/
メラプレコネクト回路FASTEX,https://www.mera.co.jp/medical/product-info/2387/
メラエクセライン回路Ｎ２/メラエクセライン回路ＨＰ２/メラエクセライン回路ＴＰＣ,https://www.mera.co.jp/medical/product-info/507/
メラ遠心ポンプＴＰＣ,https://www.mera.co.jp/medical/product-info/2371/
メラ遠心ポンプ　ＮＳＨ－Ｒ,https://www.mera.co.jp/medical/product-info/508/
CP FIVE,https://www.mera.co.jp/medical/product-info/509/
ヘモクリスタル,https://www.mera.co.jp/medical/product-info/2598/
メラバブルトラップ　HBT-L1/HBT-C1,https://www.mera.co.jp/medical/product-info/2410/
酸素飽和度セル　HSAT-1C-1/2　HSAT-1C-3/8　HSAT-1C-1/4,https://www.mera.co.jp/medical/product-info/2472/
メラ動脈フィルタ　HAF-A1/HAF-C1,https://www.mera.co.jp/medical/product-info/2462/
メラ人工心肺用コネクター,https://www.mera.co.jp/medical/product-info/2433/
メラ安全弁　HSV-150,https://www.mera.co.jp/medical/product-info/2428/
メラ圧力トランスデューサ,https://www.mera.co.jp/medical/product-info/2418/
メラ・サッカー,https://www.mera.co.jp/medical/product-info/511/
一段脱血カニューレ,https://www.mera.co.jp/medical/product-info/512/
ラージフロー®脱血カニューレ,https://www.mera.co.jp/medical/product-info/513/
二段脱血カニューレ,https://www.mera.co.jp/medical/product-info/514/
小児用脱血カニューレ,https://www.mera.co.jp/medical/product-info/515/
ラージフロー®送血カニューレ（アーチタイプ）,https://www.mera.co.jp/medical/product-info/516/
ラージフロー送血カニューレ（金属チップ）,https://www.mera.co.jp/medical/product-info/517/
ステルスフロー®カニューレ,https://www.mera.co.jp/medical/product-info/518/
フェモラル送血カニューレ,https://www.mera.co.jp/medical/product-info/519/
アンテフレックス®,https://www.mera.co.jp/medical/product-info/521/
コロナリーカニューレ,https://www.mera.co.jp/medical/product-info/522/
レトロフレックス®（セルフタイプ）,https://www.mera.co.jp/medical/product-info/523/
レトロフレックス®（マニュアルタイプ）,https://www.mera.co.jp/medical/product-info/524/
アダプターキット,https://www.mera.co.jp/medical/product-info/525/
経皮的挿入用カニューレ,https://www.mera.co.jp/medical/product-info/2505/
ベントカテーテル,https://www.mera.co.jp/medical/product-info/527/
ウィリアムズベントカテーテル,https://www.mera.co.jp/medical/product-info/528/
ペリカルディアルサンプカテーテル,https://www.mera.co.jp/medical/product-info/529/
サージブロー®,https://www.mera.co.jp/medical/product-info/530/
ターニケットチューブ,https://www.mera.co.jp/medical/product-info/531/
TAチューブ,https://www.mera.co.jp/medical/product-info/532/
安全データシート,https://www.mera.co.jp/medical/product-info/533/
メラ遠心血液ポンプシステム　HCS-CFP,https://www.mera.co.jp/medical/product-info/534/
メラ遠心ポンプ　HCF-MP23H,https://www.mera.co.jp/medical/product-info/535/
メラエクセライン回路HP2 PCPS回路　SOLAS,https://www.mera.co.jp/medical/product-info/536/
経皮的挿入用カニューレ,https://www.mera.co.jp/medical/product-info/2572/
SOLAS　置き型ホルダ　HCS-SSW,
非常用簡易ドライバ,https://www.mera.co.jp/medical/product-info/539/
補助循環シミュレーター,https://www.mera.co.jp/medical/product-info/540/
コラートBP3,https://www.mera.co.jp/medical/product-info/541/
コラートBP　センサーバルーン　P2　8Fr,https://www.mera.co.jp/medical/product-info/1229/
コラートBP　センサーバルーン　P2　7Fr,https://www.mera.co.jp/medical/product-info/542/
ロー出力ユニット,https://www.mera.co.jp/medical/product-info/543/
ON-X　機械式人工心臓弁,https://www.mera.co.jp/medical/product-info/545/
A&E　サージカルパンチ,https://www.mera.co.jp/medical/product-info/550/
ブロックバルーン,https://www.mera.co.jp/medical/product-info/552/
TMP PTAバルーンカテーテル　スフィアクロス,https://www.mera.co.jp/medical/product-info/551/
Linear Hip System,https://www.mera.co.jp/medical/product-info/553/
Revelation Hip System,https://www.mera.co.jp/medical/product-info/554/
FMP™ Acetabular System FMP ™ HXe+™ Polyethylene Liner BIOLOX® delta Ceramic Femoral Head System,https://www.mera.co.jp/medical/product-info/556/
Foundation Knee System,https://www.mera.co.jp/medical/product-info/1783/
３D Knee System,https://www.mera.co.jp/medical/product-info/557/
Quest Knee System,https://www.mera.co.jp/medical/product-info/558/
Alexa Nail,https://www.mera.co.jp/medical/product-info/559/
Arrow Bone,https://www.mera.co.jp/medical/product-info/560/
電気手術器　ZERUK-W,https://www.mera.co.jp/medical/product-info/561/
電気手術器　SHAPPER　Dx,https://www.mera.co.jp/medical/product-info/562/
電気手術器　SHAPPER　mini,https://www.mera.co.jp/medical/product-info/563/
電気メスアナライザー　ESA-225,https://www.mera.co.jp/medical/product-info/564/
メス先電極,https://www.mera.co.jp/medical/product-info/567/
2ウェイハンドコントロールメスホルダー,https://www.mera.co.jp/medical/product-info/566/
バイポーラピンセット,https://www.mera.co.jp/medical/product-info/565/
SASパッドマトリックス,https://www.mera.co.jp/medical/product-info/568/
NEジェルパッド,https://www.mera.co.jp/medical/product-info/569/
セレス吸引システム,https://www.mera.co.jp/medical/product-info/570/
メラ鋼製小物,https://www.mera.co.jp/medical/product-info/1171/
OBM２１-αV　カウンタくん,
フルーテッド ラウンド スパイラルドレーン,https://www.mera.co.jp/medical/product-info/575/
メラ吸入麻酔システム　PIXYSⅡ,https://www.mera.co.jp/medical/product-info/576/
メラ全身麻酔器　MD-751AK,https://www.mera.co.jp/medical/product-info/577/
メラ高頻度ジェットベンチレータ　JP-1,https://www.mera.co.jp/medical/product-info/578/
F回路プラスセット,https://www.mera.co.jp/medical/product-info/581/
メラ呼吸回路セット,https://www.mera.co.jp/medical/product-info/584/
セレクトY呼吸回路,https://www.mera.co.jp/medical/product-info/583/
パラレルY呼吸回路,https://www.mera.co.jp/medical/product-info/582/
F回路、F回路ライト,https://www.mera.co.jp/medical/product-info/579/
モイストラップシリーズ,https://www.mera.co.jp/medical/product-info/588/
LMA,https://www.mera.co.jp/medical/product-info/591/
DamsTuLip-i,https://www.mera.co.jp/medical/product-info/592/
トラフィットシリーズ,https://www.mera.co.jp/medical/product-info/593/
メラ　ソフィット（二重管）,https://www.mera.co.jp/medical/product-info/594/
メラソフィットクリア,https://www.mera.co.jp/medical/product-info/595/
ソフィットラブ,https://www.mera.co.jp/medical/product-info/1610/
ソフィットフレックス,https://www.mera.co.jp/medical/product-info/1561/
ソフィットベント、ソフィットベントBabyO2,https://www.mera.co.jp/medical/product-info/597/
ささえ　フランジ固定板,https://www.mera.co.jp/medical/product-info/598/
クリップエイド,https://www.mera.co.jp/medical/product-info/599/
ソフィット　カフインフレータ,https://www.mera.co.jp/medical/product-info/1552/
メラスピーチバルブ,https://www.mera.co.jp/medical/product-info/1707/
メラチューブホルダ、メラトラキホルダF,https://www.mera.co.jp/medical/product-info/1618/
内カニューレ、メラコルゲート内カニューレ,https://www.mera.co.jp/medical/product-info/1710/
カームピュア,https://www.mera.co.jp/medical/product-info/600/
ソルターラブ,https://www.mera.co.jp/medical/product-info/601/
メラサキューム,https://www.mera.co.jp/medical/product-info/602/
メラ唾液持続吸引チューブ,https://www.mera.co.jp/medical/product-info/603/
メラアクアコンフォート,https://www.mera.co.jp/medical/product-info/604/
セルセーバーエリートプラス,https://www.mera.co.jp/medical/product-info/3197/
