Happycath C-PRO,http://www.medikit.co.jp/product/detail/1_20.html
Happycath C,http://www.medikit.co.jp/product/detail/1_01.html
Happycath NEO,http://www.medikit.co.jp/product/detail/1_02.html
クランプキャスNB,http://www.medikit.co.jp/product/detail/1_04.html
ペインレスニードル（ボタンホール）,http://www.medikit.co.jp/product/detail/1_15.html
ハッピーキャスCLs,http://www.medikit.co.jp/product/detail/1_10.html
ハッピーキャス600PP-E,http://www.medikit.co.jp/product/detail/1_07.html
ハッピーキャスZ1RP,http://www.medikit.co.jp/product/detail/1_14.html
ハッピーキャスＮ,http://www.medikit.co.jp/product/detail/1_11.html
シングルニードル（SN）,http://www.medikit.co.jp/product/detail/1_05.html
ハッピーキャスAVF,http://www.medikit.co.jp/product/detail/1_08.html
ハッピーキャスCAP,http://www.medikit.co.jp/product/detail/1_09.html
ハッピーキャスフェモラル,http://www.medikit.co.jp/product/detail/1_16.html
リドカインテープ 18mg「YP」,http://www.medikit.co.jp/product/detail/1_23.html
ブリードセイフ,http://www.medikit.co.jp/product/detail/1_18.html
留置カニューレキット,http://www.medikit.co.jp/product/detail/1_19.html
カッチンくん,http://www.medikit.co.jp/product/detail/1_21.html
ヘムコンドット,http://www.medikit.co.jp/product/detail/1_22.html
スーパーキャス4,http://www.medikit.co.jp/product/detail/2_01.html
スーパーキャス5,http://www.medikit.co.jp/product/detail/2_02.html
スーパーキャスZ3,http://www.medikit.co.jp/product/detail/2_04.html
スーパーキャスZ,http://www.medikit.co.jp/product/detail/2_03.html
スーパーキャスZtu-Ⅴ,http://www.medikit.co.jp/product/detail/2_06.html
スーパーキャスZu-C,http://www.medikit.co.jp/product/detail/2_05.html
血管留置カテーテルキット,http://www.medikit.co.jp/product/detail/2_07.html
血管留置カテーテルキット（セルジンガーキット）,http://www.medikit.co.jp/product/detail/2_08.html
VeinSite,http://www.medikit.co.jp/product/detail/2_09.html
ナマラン,http://www.medikit.co.jp/product/detail/2_10.html
スーパーシース/インサートスーパーシース/カテーテルイントロジューサー,http://www.medikit.co.jp/product/detail/3_23.html
スリットスーパーシース,http://www.medikit.co.jp/product/detail/3_48.html
メディキットカテーテルイントロジューサーキット,http://www.medikit.co.jp/product/detail/3_32.html
Axcelguide,http://www.medikit.co.jp/product/detail/3_01.html
Slim Guide,http://www.medikit.co.jp/product/detail/3_24.html
Cerulean G,http://www.medikit.co.jp/product/detail/3_26.html
Cerulean DD6 Plus,http://www.medikit.co.jp/product/detail/3_25.html
メディキット血管造影カテーテル,http://www.medikit.co.jp/product/detail/3_46.html
Diamondback 360 Coronary Orbital Atherectomy システム,http://www.medikit.co.jp/product/detail/3_49.html
スーパーシース/インサートスーパーシース/カテーテルイントロジューサー,http://www.medikit.co.jp/product/detail/3_23.html
ピールオフシース,http://www.medikit.co.jp/product/detail/3_29.html
スリットスーパーシース,http://www.medikit.co.jp/product/detail/3_48.html
メディキットカテーテルイントロジューサーキット,http://www.medikit.co.jp/product/detail/3_32.html
Seiha,http://www.medikit.co.jp/product/detail/3_14.html
COPERNICS（RGキット）,http://www.medikit.co.jp/product/detail/3_33.html
Works,http://www.medikit.co.jp/product/detail/3_17.html
i-Works,http://www.medikit.co.jp/product/detail/3_06.html
ガイドワイヤー,http://www.medikit.co.jp/product/detail/3_42.html
スーパーシース/インサートスーパーシース/カテーテルイントロジューサー,http://www.medikit.co.jp/product/detail/3_23.html
メディキットカテーテルイントロジューサーキット,http://www.medikit.co.jp/product/detail/3_32.html
Parent Plus/Axcelguide,http://www.medikit.co.jp/product/detail/3_54.html
メディキット血管造影カテーテル,http://www.medikit.co.jp/product/detail/3_52.html
Neo Meister Cath,http://www.medikit.co.jp/product/detail/3_28.html
NEO Cerisier,http://www.medikit.co.jp/product/detail/3_09.html
NEO Cerisier SS,http://www.medikit.co.jp/product/detail/3_10.html
Path Flow HF,http://www.medikit.co.jp/product/detail/3_55.html
ガイドワイヤー,http://www.medikit.co.jp/product/detail/3_42.html
CANDIS,http://www.medikit.co.jp/product/detail/3_02.html
Supersheath NAVIGATOR,http://www.medikit.co.jp/product/detail/3_56.html
イントロデューサニードル,http://www.medikit.co.jp/product/detail/3_45.html
PTCD針,http://www.medikit.co.jp/product/detail/3_51.html
スーパーシース/インサートスーパーシース/カテーテルイントロジューサー,http://www.medikit.co.jp/product/detail/3_23.html
メディキットカテーテルイントロジューサーキット,http://www.medikit.co.jp/product/detail/3_32.html
Parent Plus,http://www.medikit.co.jp/product/detail/3_11.html
Parent Cross,http://www.medikit.co.jp/product/detail/3_50.html
GOGOカテーテル,http://www.medikit.co.jp/product/detail/3_53.html
イントロデューサニードル,http://www.medikit.co.jp/product/detail/3_45.html
Supersheath NAVIGATOR,http://www.medikit.co.jp/product/detail/3_56.html
Vaivt A,http://www.medikit.co.jp/product/detail/3_15.html
ウルトラハイフローシース,http://www.medikit.co.jp/product/detail/3_37.html
アスピレアキャス,http://www.medikit.co.jp/product/detail/3_36.html
MEISTER GW FOR VAIVT（NEUES）,http://www.medikit.co.jp/product/detail/3_08.html
HYUGA,http://www.medikit.co.jp/product/detail/3_04.html
VAIVTキット,http://www.medikit.co.jp/product/detail/3_16.html
iGold,http://www.medikit.co.jp/product/detail/3_05.html
ニューロシース,http://www.medikit.co.jp/product/detail/3_39.html
BLEED SAFE／アダプティ,http://www.medikit.co.jp/product/detail/3_34.html
CT造影用エキステンションチューブ,http://www.medikit.co.jp/product/detail/3_03.html
アンギオ用エキステンションチューブ,http://www.medikit.co.jp/product/detail/3_44.html
