ケイ・エム・ファイブ　ゴータッチ,http://www.koike-medical.co.jp/products/detail.php?product_id=154
ケイ・エム・ファイブ　サンソメイト-3G,http://www.koike-medical.co.jp/products/detail.php?product_id=143
ケイ・エム・イレブン ライトテック 3X,http://www.koike-medical.co.jp/products/detail.php?product_id=114
ケイ・エム・ファイブ　サンソメイト-5F,http://www.koike-medical.co.jp/products/detail.php?product_id=113
ケイエム-エックス　3リットル,http://www.koike-medical.co.jp/products/detail.php?product_id=112
ケイ・エム・ファイブ　O2フレッシュ-3E,http://www.koike-medical.co.jp/products/detail.php?product_id=111
ケイ・エム・ナイン,http://www.koike-medical.co.jp/products/detail.php?product_id=109
リベレーター　Gen.Ⅲ,http://www.koike-medical.co.jp/products/detail.php?product_id=68
ストローラー/ストローラーSPRINT,http://www.koike-medical.co.jp/products/detail.php?product_id=69
スピリット,http://www.koike-medical.co.jp/products/detail.php?product_id=77
携帯酸素,http://www.koike-medical.co.jp/products/detail.php?product_id=76
フロージェントルプラスクアトロ,http://www.koike-medical.co.jp/products/detail.php?product_id=93
あお酸歩,http://www.koike-medical.co.jp/products/detail.php?product_id=168
酸歩自由(フリー),http://www.koike-medical.co.jp/products/detail.php?product_id=152
酸歩2,http://www.koike-medical.co.jp/products/detail.php?product_id=74
イージーパルス,http://www.koike-medical.co.jp/products/detail.php?product_id=62
サーフィンPOブルー,http://www.koike-medical.co.jp/products/detail.php?product_id=169
サーフィンPOプラス,http://www.koike-medical.co.jp/products/detail.php?product_id=162
フラワーPO,http://www.koike-medical.co.jp/products/detail.php?product_id=156
サーフィンPOミニ,http://www.koike-medical.co.jp/products/detail.php?product_id=147
オキシウォッチ,http://www.koike-medical.co.jp/products/detail.php?product_id=146
サーフィンPO,http://www.koike-medical.co.jp/products/detail.php?product_id=116
リストSO2,http://www.koike-medical.co.jp/products/detail.php?product_id=115
SpO2 Trend Reporter,http://www.koike-medical.co.jp/products/detail.php?product_id=61
Jusmine.T,http://www.koike-medical.co.jp/products/detail.php?product_id=170
SleepStyle,http://www.koike-medical.co.jp/products/detail.php?product_id=167
ジャスミン.Z,http://www.koike-medical.co.jp/products/detail.php?product_id=159
Jusmine.J(ジャスミン2),http://www.koike-medical.co.jp/products/detail.php?product_id=157
j-fitマスク(ミニ),http://www.koike-medical.co.jp/products/detail.php?product_id=149
ドルフィンマスク,http://www.koike-medical.co.jp/products/detail.php?product_id=121
j-fitマスク(ピロー),http://www.koike-medical.co.jp/products/detail.php?product_id=120
j-fitマスク(ネーザル)/j-fitマスク(フルフェイス),http://www.koike-medical.co.jp/products/detail.php?product_id=119
ジャスミン,http://www.koike-medical.co.jp/products/detail.php?product_id=118
CPAP用枕,http://www.koike-medical.co.jp/products/detail.php?product_id=117
サイモン.J,http://www.koike-medical.co.jp/products/detail.php?product_id=165
サイモン,http://www.koike-medical.co.jp/products/detail.php?product_id=138
ファイアセイフ,http://www.koike-medical.co.jp/products/detail.php?product_id=73
フロージェントル アイハー,http://www.koike-medical.co.jp/products/detail.php?product_id=161
フロージェントルプラスP形,http://www.koike-medical.co.jp/products/detail.php?product_id=124
フロージェントルプラスG形,http://www.koike-medical.co.jp/products/detail.php?product_id=125
フロージェントルプラスY形,http://www.koike-medical.co.jp/products/detail.php?product_id=126
ハイホーネブライザー,http://www.koike-medical.co.jp/products/detail.php?product_id=95
セフティーフロー,http://www.koike-medical.co.jp/products/detail.php?product_id=122
セフティ加湿器,http://www.koike-medical.co.jp/products/detail.php?product_id=123
ヨックスディスポミカン S801,http://www.koike-medical.co.jp/products/detail.php?product_id=164
ヨックスSSD　C101,http://www.koike-medical.co.jp/products/detail.php?product_id=158
ヨックスディスポホープS802,http://www.koike-medical.co.jp/products/detail.php?product_id=155
ヨックスポルタ　S901,http://www.koike-medical.co.jp/products/detail.php?product_id=153
ヨックスディスポ S711,http://www.koike-medical.co.jp/products/detail.php?product_id=137
ヨックスGL S511,http://www.koike-medical.co.jp/products/detail.php?product_id=136
ヨックスディスポ・オペ　S702,http://www.koike-medical.co.jp/products/detail.php?product_id=135
ヨックス S401,http://www.koike-medical.co.jp/products/detail.php?product_id=133
ヨックスジェットS402,http://www.koike-medical.co.jp/products/detail.php?product_id=96
フロージェントプラス　トリオ,http://www.koike-medical.co.jp/products/detail.php?product_id=94
クロモフェア F LED　(F628/F528)<ハイブリッドLED無影灯>,http://www.koike-medical.co.jp/products/detail.php?product_id=148
クロモフェア E650/E550<BRITeハロゲン>,http://www.koike-medical.co.jp/products/detail.php?product_id=142
診療用照明器/クロモフェアF300,http://www.koike-medical.co.jp/products/detail.php?product_id=106
オペロン手術台　D850,http://www.koike-medical.co.jp/products/detail.php?product_id=100
サイモン,http://www.koike-medical.co.jp/products/detail.php?product_id=97
バラーメド,http://www.koike-medical.co.jp/products/detail.php?product_id=99
高気圧治療モニタ　バラモHBOM-2100,http://www.koike-medical.co.jp/products/detail.php?product_id=79
小池笑気,http://www.koike-medical.co.jp/products/detail.php?product_id=50
アセプトン　-C30,http://www.koike-medical.co.jp/products/detail.php?product_id=53
アセプトン　-C20,http://www.koike-medical.co.jp/products/detail.php?product_id=52
アセプトン　-C10,http://www.koike-medical.co.jp/products/detail.php?product_id=51
ImagineS(イマジンズ),http://www.koike-medical.co.jp/products/detail.php?product_id=166
泡優 -For you-,http://www.koike-medical.co.jp/products/detail.php?product_id=163
アウトレット ネオス,http://www.koike-medical.co.jp/products/detail.php?product_id=160
メディカルパイピングシステム,http://www.koike-medical.co.jp/products/detail.php?product_id=54
医療ガス設備メンテナンスサービスシステム,http://www.koike-medical.co.jp/products/detail.php?product_id=56
オーツーレスキュー,http://www.koike-medical.co.jp/products/detail.php?product_id=75
