Perseus (ペルセウス）A500,https://www.draeger.com/ja_jp/Hospital/Products/Anaesthesia-Workstations/Anaesthesia-Machines/Perseus-A500
Primus Infinity Empowered (プライマス IE）,https://www.draeger.com/ja_jp/Hospital/Products/Anaesthesia-Workstations/Anaesthesia-Machines/Primus-Infinity-Empowered
Apollo® （アポロ）,https://www.draeger.com/ja_jp/Hospital/Products/Anaesthesia-Workstations/Anaesthesia-Machines/Apollo
Fabius (ファビウス) MRI,https://www.draeger.com/ja_jp/Hospital/Products/Anaesthesia-Workstations/Anaesthesia-Machines/Fabius-MRI
Fabius (ファビウス) GS premium (プレミアム),https://www.draeger.com/ja_jp/Hospital/Products/Anaesthesia-Workstations/Anaesthesia-Machines/Fabius-GS-premium
Fabius Tiro (ファビウス タイロ),https://www.draeger.com/ja_jp/Hospital/Products/Anaesthesia-Workstations/Anaesthesia-Machines/Fabius-Tiro
Fabius plus (ファビウス プラス) XL,https://www.draeger.com/ja_jp/Hospital/Products/Anaesthesia-Workstations/Anaesthesia-Machines/Fabius-plus-XL
Fabius plus (ファビウス プラス),https://www.draeger.com/ja_jp/Hospital/Products/Anaesthesia-Workstations/Anaesthesia-Machines/Fabius-Plus
Vamos plus (バモス プラス),https://www.draeger.com/ja_jp/Hospital/Products/Anaesthesia-Workstations/Anesthetic-Gas-Monitoring/Vamos-Vamos-plus
Vamos (バモス),https://www.draeger.com/ja_jp/Hospital/Products/Anaesthesia-Workstations/Anesthetic-Gas-Monitoring/Vamos-Vamos-plus
Scio Four Oxi Plus (スキオ フォー オキシ プラス),https://www.draeger.com/ja_jp/Hospital/Products/Anaesthesia-Workstations/Anesthetic-Gas-Monitoring/Scio
Scio Four Oxi (スキオ フォー オキシ),https://www.draeger.com/ja_jp/Hospital/Products/Anaesthesia-Workstations/Anesthetic-Gas-Monitoring/Scio
Scio Four Plus (スキオ フォー プラス),https://www.draeger.com/ja_jp/Hospital/Products/Anaesthesia-Workstations/Anesthetic-Gas-Monitoring/Scio
Scio Four (スキオ フォー),https://www.draeger.com/ja_jp/Hospital/Products/Anaesthesia-Workstations/Anesthetic-Gas-Monitoring/Scio
SmartPilot view,https://www.draeger.com/ja_jp/Hospital/Products/Anaesthesia-Workstations/Decision-Support/SmartPilot-View
D-Vapor (D-バポール) 3000,https://www.draeger.com/ja_jp/Hospital/Products/Anaesthesia-Workstations/Vaporizers/D-Vapor-3000
Vapor (バポール) 3000,https://www.draeger.com/ja_jp/Hospital/Products/Anaesthesia-Workstations/Vaporizers/D-Vapor-3000
D-Vapor (D バポール),https://www.draeger.com/ja_jp/Hospital/Products/Anaesthesia-Workstations/Vaporizers/D-Vapor-Vapor-2000
Vapor (バポール) 2000,https://www.draeger.com/ja_jp/Hospital/Products/Anaesthesia-Workstations/Vaporizers/D-Vapor-Vapor-2000
Evita® V600,https://www.draeger.com/ja_jp/Hospital/Products/Ventilation-and-Respiratory-Monitoring/ICU-Ventilation-and-Respiratory-Monitoring/Evita-V600
Evita® Infinity® V500,https://www.draeger.com/ja_jp/Hospital/Products/Ventilation-and-Respiratory-Monitoring/ICU-Ventilation-and-Respiratory-Monitoring/Evita-Infinity-V500-ventilator
Evita® V300,https://www.draeger.com/ja_jp/Hospital/Products/Ventilation-and-Respiratory-Monitoring/ICU-Ventilation-and-Respiratory-Monitoring/Evita-V300
SmartCare®/PS： 自動ウィーニングプロトコル,https://www.draeger.com/ja_jp/Hospital/Products/Ventilation-and-Respiratory-Monitoring/ICU-Ventilation-and-Respiratory-Monitoring/SmartCare-PS-The-automated-weaning-protocol
Savina® 300,https://www.draeger.com/ja_jp/Hospital/Products/Ventilation-and-Respiratory-Monitoring/ICU-Ventilation-and-Respiratory-Monitoring/Savina-300
Savina® 300 セレクト,https://www.draeger.com/ja_jp/Hospital/Products/Ventilation-and-Respiratory-Monitoring/ICU-Ventilation-and-Respiratory-Monitoring/Savina-300-Select
Savina 300 クラシック,https://www.draeger.com/ja_jp/Hospital/Products/Ventilation-and-Respiratory-Monitoring/ICU-Ventilation-and-Respiratory-Monitoring/Savina-300-Classic
Savina（ドレーゲル ザビーナ）,https://www.draeger.com/ja_jp/Hospital/Products/Ventilation-and-Respiratory-Monitoring/ICU-Ventilation-and-Respiratory-Monitoring/Savina
Babylog VN500,https://www.draeger.com/ja_jp/Hospital/Products/Ventilation-and-Respiratory-Monitoring/Neonatal-ICU-ventilation/Babylog-VN500
Babylog 8000+,https://www.draeger.com/ja_jp/Hospital/Products/Ventilation-and-Respiratory-Monitoring/Neonatal-ICU-ventilation/Babylog-8000-plus
Babylog VN500,https://www.draeger.com/ja_jp/Hospital/Products/Ventilation-and-Respiratory-Monitoring/Neonatal-ICU-ventilation/Babylog-VN500
Babyleo TN500,https://www.draeger.com/ja_jp/Hospital/Products/Thermoregulation-and-Jaundice-Management/Neonatal-Transport/Isolette-TI500
BiliLux,https://www.draeger.com/ja_jp/Hospital/Products/Thermoregulation-and-Jaundice-Management/Jaundice-Management-and-Phototherapy/Phototherapy-Systems/BiliLux
Infinity® Acute Care System,https://www.draeger.com/ja_jp/Hospital/Products/Patient-Monitoring/Patient-Monitors/Vista-120
Polaris 600,https://www.draeger.com/ja_jp/Hospital/Products/Medical-Lights-and-Videosystems/Operating-Lights/Polaris-600
Polaris 100/200,https://www.draeger.com/ja_jp/Hospital/Products/Medical-Lights-and-Videosystems/Operating-Lights/Polaris-100-200
Polaris 50,https://www.draeger.com/ja_jp/Hospital/Products/Medical-Lights-and-Videosystems/Examination-Lights/Polaris-50
VarioLux,https://www.draeger.com/ja_jp/Hospital/Products/Medical-Lights-and-Videosystems/Examination-Lights/VarioLux
Movita®システム,https://www.draeger.com/ja_jp/Hospital/Products/Medical-Supply-Systems/Ceiling-Supply-Units/Movita-Ceiling-Supply-Unit
Agila® システム,https://www.draeger.com/ja_jp/Hospital/Products/Medical-Supply-Systems/Ceiling-Supply-Units/Agila-Ceiling-Supply-Unit
ポンタ ビーム サプライシステム,https://www.draeger.com/ja_jp/Hospital/Products/Medical-Supply-Systems/Ceiling-Supply-Units/Ponta-Beam-Supply-System
Gemina®Duo,https://www.draeger.com/ja_jp/Hospital/Products/Medical-Supply-Systems/Wall-Supply-Units/GeminaDUO
サプライユニット一体型 患者リフター,https://www.draeger.com/ja_jp/Hospital/Products/Medical-Supply-Systems/Workstation-Components/Patient-Lifter
ノイズディスプレイ SoundEar®,https://www.draeger.com/ja_jp/Hospital/Products/Medical-Supply-Systems/Workstation-Components/Noise-Display
Mounting System (﻿マウンティング システム),https://www.draeger.com/ja_jp/Hospital/Products/Medical-Supply-Systems/Workstation-Components/Mounting-System
